{
  "id": "intro/welcome",
  "title": "Welcome to RockDB",
  "description": "RockDB is a modern Oracle Observability and Management tool designed to provide real-time insights, persistent monitoring, and easy management of your Oracle database fleet.",
  "source": "@site/docs/intro/welcome.md",
  "sourceDirName": "intro",
  "slug": "/intro/welcome",
  "permalink": "/docs/intro/welcome",
  "draft": false,
  "unlisted": false,
  "editUrl": "https://github.com/facebook/docusaurus/tree/main/packages/create-docusaurus/templates/shared/docs/intro/welcome.md",
  "tags": [],
  "version": "current",
  "frontMatter": {},
  "sidebar": "tutorialSidebar",
  "previous": {
    "title": "Oracle Connectivity Guide",
    "permalink": "/docs/guides/oracle-connectivity"
  },
  "next": {
    "title": "Monitoring Automation Flow",
    "permalink": "/docs/monitoring/automation-flow"
  }
}