{
  "id": "monitoring/automation-flow",
  "title": "Monitoring Automation Flow",
  "description": "RockDB uses a combination of Ansible and Jenkins to ensure that all registered servers have the monitoring agent (node_exporter) installed and running.",
  "source": "@site/docs/monitoring/automation-flow.md",
  "sourceDirName": "monitoring",
  "slug": "/monitoring/automation-flow",
  "permalink": "/docs/monitoring/automation-flow",
  "draft": false,
  "unlisted": false,
  "editUrl": "https://github.com/facebook/docusaurus/tree/main/packages/create-docusaurus/templates/shared/docs/monitoring/automation-flow.md",
  "tags": [],
  "version": "current",
  "frontMatter": {},
  "sidebar": "tutorialSidebar",
  "previous": {
    "title": "Welcome to RockDB",
    "permalink": "/docs/intro/welcome"
  },
  "next": {
    "title": "InfluxDB & Metrics",
    "permalink": "/docs/monitoring/influxdb-metrics"
  }
}