{
  "id": "guides/oracle-connectivity",
  "title": "Oracle Connectivity Guide",
  "description": "Connecting to Oracle databases from within a Docker container requires specific networking configurations, especially when the database is hosted outside the container network.",
  "source": "@site/docs/guides/oracle-connectivity.md",
  "sourceDirName": "guides",
  "slug": "/guides/oracle-connectivity",
  "permalink": "/docs/guides/oracle-connectivity",
  "draft": false,
  "unlisted": false,
  "editUrl": "https://github.com/facebook/docusaurus/tree/main/packages/create-docusaurus/templates/shared/docs/guides/oracle-connectivity.md",
  "tags": [],
  "version": "current",
  "frontMatter": {},
  "sidebar": "tutorialSidebar",
  "previous": {
    "title": "System Architecture",
    "permalink": "/docs/guides/architecture"
  },
  "next": {
    "title": "Welcome to RockDB",
    "permalink": "/docs/intro/welcome"
  }
}