{
  "id": "monitoring/stack-overview",
  "title": "Monitoring Stack Overview",
  "description": "RockDB integrates a comprehensive monitoring stack to provide deep visibility into Oracle database performance.",
  "source": "@site/docs/monitoring/stack-overview.md",
  "sourceDirName": "monitoring",
  "slug": "/monitoring/stack-overview",
  "permalink": "/docs/monitoring/stack-overview",
  "draft": false,
  "unlisted": false,
  "editUrl": "https://github.com/facebook/docusaurus/tree/main/packages/create-docusaurus/templates/shared/docs/monitoring/stack-overview.md",
  "tags": [],
  "version": "current",
  "frontMatter": {},
  "sidebar": "tutorialSidebar",
  "previous": {
    "title": "InfluxDB & Metrics",
    "permalink": "/docs/monitoring/influxdb-metrics"
  }
}