{"author":{"name":"Yangshun Tay","title":"Ex-Meta Staff Engineer, Co-founder GreatFrontEnd","url":"https://linkedin.com/in/yangshun","page":{"permalink":"/blog/authors/yangshun"},"socials":{"x":"https://x.com/yangshunz","linkedin":"https://www.linkedin.com/in/yangshun/","github":"https://github.com/yangshun","newsletter":"https://www.greatfrontend.com"},"imageURL":"https://github.com/yangshun.png","key":"yangshun","count":3},"listMetadata":{"permalink":"/blog/authors/yangshun","page":1,"postsPerPage":10,"totalPages":1,"totalCount":3,"blogDescription":"Blog","blogTitle":"Blog"}}