{"version":{"pluginId":"default","version":"current","label":"Next","banner":null,"badge":false,"noIndex":false,"className":"docs-version-current","isLast":true,"docsSidebars":{"tutorialSidebar":[{"type":"link","href":"/docs/intro","label":"Tutorial Intro","docId":"intro","unlisted":false},{"type":"category","label":"Tutorial - Basics","collapsible":true,"collapsed":true,"items":[{"type":"link","href":"/docs/tutorial-basics/create-a-page","label":"Create a Page","docId":"tutorial-basics/create-a-page","unlisted":false},{"type":"link","href":"/docs/tutorial-basics/create-a-document","label":"Create a Document","docId":"tutorial-basics/create-a-document","unlisted":false},{"type":"link","href":"/docs/tutorial-basics/create-a-blog-post","label":"Create a Blog Post","docId":"tutorial-basics/create-a-blog-post","unlisted":false},{"type":"link","href":"/docs/tutorial-basics/markdown-features","label":"Markdown Features","docId":"tutorial-basics/markdown-features","unlisted":false},{"type":"link","href":"/docs/tutorial-basics/deploy-your-site","label":"Deploy your site","docId":"tutorial-basics/deploy-your-site","unlisted":false},{"type":"link","href":"/docs/tutorial-basics/congratulations","label":"Congratulations!","docId":"tutorial-basics/congratulations","unlisted":false}],"href":"/docs/category/tutorial---basics"},{"type":"category","label":"Tutorial - Extras","collapsible":true,"collapsed":true,"items":[{"type":"link","href":"/docs/tutorial-extras/manage-docs-versions","label":"Manage Docs Versions","docId":"tutorial-extras/manage-docs-versions","unlisted":false},{"type":"link","href":"/docs/tutorial-extras/translate-your-site","label":"Translate your site","docId":"tutorial-extras/translate-your-site","unlisted":false}],"href":"/docs/category/tutorial---extras"},{"type":"category","label":"guides","collapsible":true,"collapsed":true,"items":[{"type":"link","href":"/docs/guides/architecture","label":"System Architecture","docId":"guides/architecture","unlisted":false},{"type":"link","href":"/docs/guides/oracle-connectivity","label":"Oracle Connectivity Guide","docId":"guides/oracle-connectivity","unlisted":false}]},{"type":"category","label":"intro","collapsible":true,"collapsed":true,"items":[{"type":"link","href":"/docs/intro/welcome","label":"Welcome to RockDB","docId":"intro/welcome","unlisted":false}]},{"type":"category","label":"monitoring","collapsible":true,"collapsed":true,"items":[{"type":"link","href":"/docs/monitoring/automation-flow","label":"Monitoring Automation Flow","docId":"monitoring/automation-flow","unlisted":false},{"type":"link","href":"/docs/monitoring/influxdb-metrics","label":"InfluxDB & Metrics","docId":"monitoring/influxdb-metrics","unlisted":false},{"type":"link","href":"/docs/monitoring/stack-overview","label":"Monitoring Stack Overview","docId":"monitoring/stack-overview","unlisted":false}]}]},"docs":{"guides/architecture":{"id":"guides/architecture","title":"System Architecture","description":"RockDB is built with a modern, decoupled architecture to ensure scalability and ease of deployment.","sidebar":"tutorialSidebar"},"guides/oracle-connectivity":{"id":"guides/oracle-connectivity","title":"Oracle Connectivity Guide","description":"Connecting to Oracle databases from within a Docker container requires specific networking configurations, especially when the database is hosted outside the container network.","sidebar":"tutorialSidebar"},"intro":{"id":"intro","title":"Tutorial Intro","description":"Let's discover Docusaurus in less than 5 minutes.","sidebar":"tutorialSidebar"},"intro/welcome":{"id":"intro/welcome","title":"Welcome to RockDB","description":"RockDB is a modern Oracle Observability and Management tool designed to provide real-time insights, persistent monitoring, and easy management of your Oracle database fleet.","sidebar":"tutorialSidebar"},"monitoring/automation-flow":{"id":"monitoring/automation-flow","title":"Monitoring Automation Flow","description":"RockDB uses a combination of Ansible and Jenkins to ensure that all registered servers have the monitoring agent (node_exporter) installed and running.","sidebar":"tutorialSidebar"},"monitoring/influxdb-metrics":{"id":"monitoring/influxdb-metrics","title":"InfluxDB & Metrics","description":"RockDB uses InfluxDB as its primary engine for time-series data, enabling both the Time Machine features and long-term performance history.","sidebar":"tutorialSidebar"},"monitoring/stack-overview":{"id":"monitoring/stack-overview","title":"Monitoring Stack Overview","description":"RockDB integrates a comprehensive monitoring stack to provide deep visibility into Oracle database performance.","sidebar":"tutorialSidebar"},"tutorial-basics/congratulations":{"id":"tutorial-basics/congratulations","title":"Congratulations!","description":"You have just learned the basics of Docusaurus and made some changes to the initial template.","sidebar":"tutorialSidebar"},"tutorial-basics/create-a-blog-post":{"id":"tutorial-basics/create-a-blog-post","title":"Create a Blog Post","description":"Docusaurus creates a page for each blog post, but also a blog index page, a tag system, an RSS feed...","sidebar":"tutorialSidebar"},"tutorial-basics/create-a-document":{"id":"tutorial-basics/create-a-document","title":"Create a Document","description":"Documents are groups of pages connected through:","sidebar":"tutorialSidebar"},"tutorial-basics/create-a-page":{"id":"tutorial-basics/create-a-page","title":"Create a Page","description":"Add Markdown or React files to src/pages to create a standalone page:","sidebar":"tutorialSidebar"},"tutorial-basics/deploy-your-site":{"id":"tutorial-basics/deploy-your-site","title":"Deploy your site","description":"Docusaurus is a static-site-generator (also called Jamstack).","sidebar":"tutorialSidebar"},"tutorial-basics/markdown-features":{"id":"tutorial-basics/markdown-features","title":"Markdown Features","description":"Docusaurus supports Markdown and a few additional features.","sidebar":"tutorialSidebar"},"tutorial-extras/manage-docs-versions":{"id":"tutorial-extras/manage-docs-versions","title":"Manage Docs Versions","description":"Docusaurus can manage multiple versions of your docs.","sidebar":"tutorialSidebar"},"tutorial-extras/translate-your-site":{"id":"tutorial-extras/translate-your-site","title":"Translate your site","description":"Let's translate docs/intro.md to French.","sidebar":"tutorialSidebar"}}}}