{
  "annotations": {
    "list": [
      {
        "builtIn": 1,
        "datasource": {
          "type": "datasource",
          "uid": "grafana"
        },
        "enable": true,
        "hide": true,
        "iconColor": "rgba(0, 211, 255, 1)",
        "name": "Annotations & Alerts",
        "target": {
          "limit": 100,
          "matchAny": false,
          "tags": [],
          "type": "dashboard"
        },
        "type": "dashboard"
      }
    ]
  },
  "editable": true,
  "fiscalYearStartMonth": 0,
  "graphTooltip": 0,
  "id": 2,
  "links": [],
  "liveNow": false,
  "panels": [
    {
      "collapsed": false,
      "datasource": {
        "type": "prometheus",
        "uid": "Prometheus"
      },
      "gridPos": {
        "h": 1,
        "w": 24,
        "x": 0,
        "y": 0
      },
      "id": 64,
      "panels": [],
      "title": "TxEventQ Summary",
      "type": "row"
    },
    {
      "datasource": {
        "type": "prometheus",
        "uid": "Prometheus"
      },
      "description": "If TxEventQs are running or not",
      "fieldConfig": {
        "defaults": {
          "color": {
            "mode": "thresholds"
          },
          "mappings": [
            {
              "options": {
                "from": 1,
                "result": {
                  "text": "ACTIVE"
                },
                "to": 9999999
              },
              "type": "range"
            },
            {
              "options": {
                "from": 0,
                "result": {
                  "text": "INACTIVE"
                },
                "to": 0
              },
              "type": "range"
            }
          ],
          "thresholds": {
            "mode": "absolute",
            "steps": [
              {
                "color": "green",
                "value": null
              },
              {
                "color": "red",
                "value": 80
              }
            ]
          },
          "unit": "none"
        },
        "overrides": []
      },
      "gridPos": {
        "h": 4,
        "w": 4,
        "x": 0,
        "y": 1
      },
      "id": 48,
      "links": [],
      "maxDataPoints": 100,
      "options": {
        "colorMode": "value",
        "graphMode": "none",
        "justifyMode": "auto",
        "orientation": "horizontal",
        "reduceOptions": {
          "calcs": [
            "lastNotNull"
          ],
          "fields": "",
          "values": false
        },
        "textMode": "auto"
      },
      "pluginVersion": "10.1.1",
      "targets": [
        {
          "expr": "oracledb_teq_total_queues{inst_id=~\"[[instance]]\"}",
          "refId": "A"
        }
      ],
      "title": "TxEventQ Status",
      "type": "stat"
    },
    {
      "aliasColors": {},
      "bars": false,
      "dashLength": 10,
      "dashes": false,
      "datasource": {
        "type": "prometheus",
        "uid": "Prometheus"
      },
      "description": "Aggregate enq/deq rates for all TxEventQs",
      "fieldConfig": {
        "defaults": {
          "links": []
        },
        "overrides": []
      },
      "fill": 3,
      "fillGradient": 4,
      "gridPos": {
        "h": 12,
        "w": 16,
        "x": 4,
        "y": 1
      },
      "hiddenSeries": false,
      "id": 56,
      "legend": {
        "avg": false,
        "current": false,
        "max": false,
        "min": false,
        "show": true,
        "total": false,
        "values": false
      },
      "lines": true,
      "linewidth": 1,
      "nullPointMode": "null",
      "options": {
        "alertThreshold": true
      },
      "percentage": false,
      "pluginVersion": "10.1.1",
      "pointradius": 2,
      "points": false,
      "renderer": "flot",
      "seriesOverrides": [
        {
          "alias": "Total Enqueue Rate",
          "yaxis": 1
        },
        {
          "alias": "Total Dequeue Rate",
          "yaxis": 2
        }
      ],
      "spaceLength": 10,
      "stack": false,
      "steppedLine": false,
      "targets": [
        {
          "expr": "sum(rate(oracledb_teq_enqueued_msgs{inst_id=~\"[[instance]]\"}[3m]))",
          "interval": "",
          "legendFormat": "Total Enqueue Rate",
          "refId": "A"
        },
        {
          "expr": "sum(rate(oracledb_teq_dequeued_msgs{inst_id=~\"[[instance]]\"}[3m]))",
          "interval": "",
          "legendFormat": "Total Dequeue Rate",
          "refId": "B"
        }
      ],
      "thresholds": [],
      "timeRegions": [],
      "title": "Overall Enqueue/Dequeue Rate",
      "tooltip": {
        "shared": true,
        "sort": 0,
        "value_type": "individual"
      },
      "type": "graph",
      "xaxis": {
        "mode": "time",
        "show": true,
        "values": []
      },
      "yaxes": [
        {
          "format": "short",
          "label": "Total Enqueue Rate (messages/s)",
          "logBase": 1,
          "show": true
        },
        {
          "format": "short",
          "label": "Total Dequeue Rate (messages/s)",
          "logBase": 1,
          "show": true
        }
      ],
      "yaxis": {
        "align": false
      }
    },
    {
      "datasource": {
        "type": "prometheus",
        "uid": "Prometheus"
      },
      "description": "Total enqueued messages for the entire queue system",
      "fieldConfig": {
        "defaults": {
          "color": {
            "fixedColor": "rgb(31, 120, 193)",
            "mode": "fixed"
          },
          "mappings": [
            {
              "options": {
                "match": "null",
                "result": {
                  "text": "N/A"
                }
              },
              "type": "special"
            }
          ],
          "thresholds": {
            "mode": "absolute",
            "steps": [
              {
                "color": "green",
                "value": null
              },
              {
                "color": "red",
                "value": 80
              }
            ]
          },
          "unit": "short"
        },
        "overrides": []
      },
      "gridPos": {
        "h": 6,
        "w": 4,
        "x": 20,
        "y": 1
      },
      "id": 12,
      "links": [],
      "maxDataPoints": 100,
      "options": {
        "colorMode": "none",
        "graphMode": "area",
        "justifyMode": "auto",
        "orientation": "horizontal",
        "reduceOptions": {
          "calcs": [
            "lastNotNull"
          ],
          "fields": "",
          "values": false
        },
        "textMode": "auto"
      },
      "pluginVersion": "10.1.1",
      "targets": [
        {
          "expr": "sum(oracledb_teq_enqueued_msgs{inst_id=~\"[[instance]]\"})",
          "refId": "A"
        }
      ],
      "title": "Overall Enqueue Messages",
      "type": "stat"
    },
    {
      "datasource": {
        "type": "prometheus",
        "uid": "Prometheus"
      },
      "description": "The number of TxEventQs running",
      "fieldConfig": {
        "defaults": {
          "color": {
            "mode": "thresholds"
          },
          "mappings": [],
          "thresholds": {
            "mode": "absolute",
            "steps": [
              {
                "color": "green",
                "value": null
              },
              {
                "color": "red",
                "value": 80
              }
            ]
          },
          "unit": "none"
        },
        "overrides": []
      },
      "gridPos": {
        "h": 4,
        "w": 4,
        "x": 0,
        "y": 5
      },
      "id": 30,
      "links": [],
      "maxDataPoints": 100,
      "options": {
        "colorMode": "value",
        "graphMode": "none",
        "justifyMode": "auto",
        "orientation": "horizontal",
        "reduceOptions": {
          "calcs": [
            "lastNotNull"
          ],
          "fields": "",
          "values": false
        },
        "textMode": "auto"
      },
      "pluginVersion": "10.1.1",
      "targets": [
        {
          "expr": "oracledb_teq_total_queues{inst_id=~\"[[instance]]\"}",
          "refId": "A"
        }
      ],
      "title": "Total TxEventQ",
      "type": "stat"
    },
    {
      "datasource": {
        "type": "prometheus",
        "uid": "Prometheus"
      },
      "description": "Total dequeued messages for the entire queue system",
      "fieldConfig": {
        "defaults": {
          "color": {
            "fixedColor": "rgb(196, 22, 25)",
            "mode": "fixed"
          },
          "mappings": [
            {
              "options": {
                "match": "null",
                "result": {
                  "text": "N/A"
                }
              },
              "type": "special"
            }
          ],
          "thresholds": {
            "mode": "absolute",
            "steps": [
              {
                "color": "green",
                "value": null
              },
              {
                "color": "red",
                "value": 80
              }
            ]
          },
          "unit": "short"
        },
        "overrides": []
      },
      "gridPos": {
        "h": 6,
        "w": 4,
        "x": 20,
        "y": 7
      },
      "id": 49,
      "links": [],
      "maxDataPoints": 100,
      "options": {
        "colorMode": "none",
        "graphMode": "area",
        "justifyMode": "auto",
        "orientation": "horizontal",
        "reduceOptions": {
          "calcs": [
            "lastNotNull"
          ],
          "fields": "",
          "values": false
        },
        "textMode": "auto"
      },
      "pluginVersion": "10.1.1",
      "targets": [
        {
          "expr": "sum(oracledb_teq_dequeued_msgs{inst_id=~\"[[instance]]\"})",
          "refId": "A"
        }
      ],
      "title": "Overall Dequeue Messages",
      "type": "stat"
    },
    {
      "datasource": {
        "type": "prometheus",
        "uid": "Prometheus"
      },
      "description": "The total number of subscribers for all TxEventQs",
      "fieldConfig": {
        "defaults": {
          "color": {
            "mode": "thresholds"
          },
          "mappings": [],
          "thresholds": {
            "mode": "absolute",
            "steps": [
              {
                "color": "green",
                "value": null
              },
              {
                "color": "red",
                "value": 80
              }
            ]
          },
          "unit": "none"
        },
        "overrides": []
      },
      "gridPos": {
        "h": 4,
        "w": 4,
        "x": 0,
        "y": 9
      },
      "id": 50,
      "links": [],
      "maxDataPoints": 100,
      "options": {
        "colorMode": "value",
        "graphMode": "none",
        "justifyMode": "auto",
        "orientation": "horizontal",
        "reduceOptions": {
          "calcs": [
            "lastNotNull"
          ],
          "fields": "",
          "values": false
        },
        "textMode": "auto"
      },
      "pluginVersion": "10.1.1",
      "targets": [
        {
          "expr": "oracledb_teq_total_subscribers{inst_id=~\"[[instance]]\"}",
          "refId": "A"
        }
      ],
      "title": "Total TxEventQ Subscriber",
      "type": "stat"
    },
    {
      "datasource": {
        "type": "prometheus"
      },
      "fieldConfig": {
        "defaults": {
          "color": {
            "mode": "thresholds"
          },
          "custom": {
            "align": "auto",
            "cellOptions": {
              "type": "auto"
            },
            "filterable": false,
            "inspect": false
          },
          "mappings": [],
          "thresholds": {
            "mode": "absolute",
            "steps": [
              {
                "color": "green",
                "value": null
              },
              {
                "color": "red",
                "value": 80
              }
            ]
          }
        },
        "overrides": [
          {
            "matcher": {
              "id": "byName",
              "options": "Message Latency"
            },
            "properties": [
              {
                "id": "unit",
                "value": "ms"
              }
            ]
          },
          {
            "matcher": {
              "id": "byName",
              "options": "Dequeue Rate / Enqueue Rate"
            },
            "properties": [
              {
                "id": "unit",
                "value": "percentunit"
              }
            ]
          },
          {
            "matcher": {
              "id": "byName",
              "options": "Enqueued Messages"
            },
            "properties": [
              {
                "id": "unit",
                "value": "short"
              }
            ]
          },
          {
            "matcher": {
              "id": "byName",
              "options": "Dequeued Messages"
            },
            "properties": [
              {
                "id": "unit",
                "value": "short"
              }
            ]
          }
        ]
      },
      "gridPos": {
        "h": 12,
        "w": 24,
        "x": 0,
        "y": 13
      },
      "id": 94,
      "options": {
        "cellHeight": "sm",
        "footer": {
          "countRows": false,
          "fields": "",
          "reducer": [
            "sum"
          ],
          "show": false
        },
        "frameIndex": 0,
        "showHeader": true
      },
      "pluginVersion": "10.1.1",
      "targets": [
        {
          "datasource": {
            "type": "prometheus"
          },
          "editorMode": "code",
          "exemplar": false,
          "expr": "sum(oracledb_teq_remained_msgs) by (queue_name)",
          "format": "table",
          "instant": true,
          "legendFormat": "{{queue_name}}",
          "range": false,
          "refId": "A"
        },
        {
          "datasource": {
            "type": "prometheus"
          },
          "editorMode": "code",
          "exemplar": false,
          "expr": "sum(oracledb_teq_message_latency_1) by (queue_name)",
          "format": "table",
          "hide": false,
          "instant": true,
          "legendFormat": "{{queue_name}}",
          "range": false,
          "refId": "B"
        },
        {
          "datasource": {
            "type": "prometheus"
          },
          "editorMode": "code",
          "exemplar": false,
          "expr": "sum(rate(oracledb_teq_enqueued_msgs[3m])) by (queue_name)",
          "format": "table",
          "hide": false,
          "instant": true,
          "legendFormat": "{{queue_name}}",
          "range": false,
          "refId": "C"
        },
        {
          "datasource": {
            "type": "prometheus"
          },
          "editorMode": "code",
          "exemplar": false,
          "expr": "sum(rate(oracledb_teq_dequeued_msgs[3m])) by (queue_name)",
          "format": "table",
          "hide": false,
          "instant": true,
          "legendFormat": "{{queue_name}}",
          "range": false,
          "refId": "D"
        },
        {
          "datasource": {
            "type": "prometheus"
          },
          "editorMode": "code",
          "exemplar": false,
          "expr": "sum(oracledb_teq_enqueued_msgs) by (queue_name)",
          "format": "table",
          "hide": false,
          "instant": true,
          "legendFormat": "{{queue_name}}",
          "range": false,
          "refId": "E"
        },
        {
          "datasource": {
            "type": "prometheus"
          },
          "editorMode": "code",
          "exemplar": false,
          "expr": "sum(oracledb_teq_dequeued_msgs) by (queue_name)",
          "format": "table",
          "hide": false,
          "instant": true,
          "legendFormat": "{{queue_name}}",
          "range": false,
          "refId": "F"
        },
        {
          "datasource": {
            "type": "prometheus"
          },
          "editorMode": "code",
          "exemplar": false,
          "expr": "sum(rate(oracledb_teq_dequeued_msgs[3m]))  by (queue_name) / sum(rate(oracledb_teq_enqueued_msgs[3m])) by (queue_name) ",
          "format": "table",
          "hide": false,
          "instant": true,
          "legendFormat": "{{queue_name}}",
          "range": false,
          "refId": "G"
        }
      ],
      "title": "TxEventQ Overall Metrics",
      "transformations": [
        {
          "id": "merge",
          "options": {}
        },
        {
          "id": "organize",
          "options": {
            "excludeByName": {
              "Time": true
            },
            "indexByName": {},
            "renameByName": {
              "Value #A": "Queue Depth",
              "Value #B": "Message Latency",
              "Value #C": "Enqueue Rate",
              "Value #D": "Dequeue Rate",
              "Value #E": "Enqueued Messages",
              "Value #F": "Dequeued Messages",
              "Value #G": "Dequeue Rate / Enqueue Rate",
              "queue_name": "Queue Name"
            }
          }
        }
      ],
      "type": "table"
    },
    {
      "collapsed": false,
      "datasource": {
        "type": "prometheus",
        "uid": "Prometheus"
      },
      "gridPos": {
        "h": 1,
        "w": 24,
        "x": 0,
        "y": 25
      },
      "id": 34,
      "panels": [],
      "title": "TxEventQ Stat for $queue with Subscriber $subscriber",
      "type": "row"
    },
    {
      "aliasColors": {},
      "bars": false,
      "dashLength": 10,
      "dashes": false,
      "datasource": {
        "type": "prometheus",
        "uid": "Prometheus"
      },
      "description": "Total messages enqueued/dequeued to/from the TxEventQ.",
      "fieldConfig": {
        "defaults": {
          "links": []
        },
        "overrides": []
      },
      "fill": 3,
      "fillGradient": 4,
      "gridPos": {
        "h": 9,
        "w": 9,
        "x": 0,
        "y": 26
      },
      "hiddenSeries": false,
      "id": 36,
      "legend": {
        "avg": false,
        "current": false,
        "max": false,
        "min": false,
        "show": true,
        "total": false,
        "values": false
      },
      "lines": true,
      "linewidth": 1,
      "nullPointMode": "null",
      "options": {
        "alertThreshold": true
      },
      "percentage": false,
      "pluginVersion": "10.1.1",
      "pointradius": 2,
      "points": false,
      "renderer": "flot",
      "seriesOverrides": [
        {
          "alias": "Total Enqueue",
          "yaxis": 1
        },
        {
          "alias": "Total Dequeue",
          "yaxis": 2
        }
      ],
      "spaceLength": 10,
      "stack": false,
      "steppedLine": false,
      "targets": [
        {
          "expr": "oracledb_teq_enqueued_msgs{inst_id=~\"[[instance]]\", queue_name=~\"[[queue]]\", subscriber_name=~\"[[subscriber]]\"}",
          "interval": "",
          "legendFormat": "Total Eenqueue",
          "refId": "A"
        },
        {
          "expr": "oracledb_teq_dequeued_msgs{inst_id=~\"[[instance]]\", queue_name=~\"[[queue]]\", subscriber_name=~\"[[subscriber]]\"}",
          "interval": "",
          "legendFormat": "Total Dequeue",
          "refId": "B"
        }
      ],
      "thresholds": [],
      "timeRegions": [],
      "title": "Enqueue/Dequeue Messages",
      "tooltip": {
        "shared": true,
        "sort": 0,
        "value_type": "individual"
      },
      "type": "graph",
      "xaxis": {
        "mode": "time",
        "show": true,
        "values": []
      },
      "yaxes": [
        {
          "format": "short",
          "label": "Total Enqueue (messages)",
          "logBase": 1,
          "show": true
        },
        {
          "format": "short",
          "label": "Total Dequeue (messages)",
          "logBase": 1,
          "show": true
        }
      ],
      "yaxis": {
        "align": false
      }
    },
    {
      "aliasColors": {},
      "bars": false,
      "dashLength": 10,
      "dashes": false,
      "datasource": {
        "type": "prometheus",
        "uid": "Prometheus"
      },
      "description": "Enq/deq rate for the TxEventQ.",
      "fieldConfig": {
        "defaults": {
          "links": []
        },
        "overrides": []
      },
      "fill": 3,
      "fillGradient": 4,
      "gridPos": {
        "h": 9,
        "w": 9,
        "x": 9,
        "y": 26
      },
      "hiddenSeries": false,
      "id": 38,
      "legend": {
        "avg": false,
        "current": false,
        "max": false,
        "min": false,
        "show": true,
        "total": false,
        "values": false
      },
      "lines": true,
      "linewidth": 1,
      "nullPointMode": "null",
      "options": {
        "alertThreshold": true
      },
      "percentage": false,
      "pluginVersion": "10.1.1",
      "pointradius": 2,
      "points": false,
      "renderer": "flot",
      "seriesOverrides": [
        {
          "alias": "Enqueue Rate",
          "yaxis": 1
        },
        {
          "alias": "Dequeue Rate",
          "yaxis": 2
        }
      ],
      "spaceLength": 10,
      "stack": false,
      "steppedLine": false,
      "targets": [
        {
          "expr": "rate(oracledb_teq_enqueued_msgs{inst_id=~\"[[instance]]\", queue_name=~\"[[queue]]\", subscriber_name=~\"[[subscriber]]\"}[3m])",
          "interval": "",
          "legendFormat": "Enqueue Rate",
          "refId": "A"
        },
        {
          "expr": "rate(oracledb_teq_dequeued_msgs{inst_id=~\"[[instance]]\", queue_name=~\"[[queue]]\", subscriber_name=~\"[[subscriber]]\"}[3m])",
          "interval": "",
          "legendFormat": "Dequeue Rate",
          "refId": "B"
        }
      ],
      "thresholds": [],
      "timeRegions": [],
      "title": "Enqueue/Dequeue Rate",
      "tooltip": {
        "shared": true,
        "sort": 0,
        "value_type": "individual"
      },
      "type": "graph",
      "xaxis": {
        "mode": "time",
        "show": true,
        "values": []
      },
      "yaxes": [
        {
          "format": "short",
          "label": "Enqueue Rate (messages/s)",
          "logBase": 1,
          "show": true
        },
        {
          "format": "short",
          "label": "Dequeue Rate (messages/s)",
          "logBase": 1,
          "show": true
        }
      ],
      "yaxis": {
        "align": false
      }
    },
    {
      "datasource": {
        "type": "prometheus",
        "uid": "Prometheus"
      },
      "description": "The name of TxEventQ.",
      "gridPos": {
        "h": 2,
        "w": 6,
        "x": 18,
        "y": 26
      },
      "id": 45,
      "options": {
        "code": {
          "language": "plaintext",
          "showLineNumbers": false,
          "showMiniMap": false
        },
        "content": "<div style=\"text-align: center;\"><span style=\"color:green\"><b>$queue</b></span></div>",
        "mode": "html"
      },
      "pluginVersion": "10.1.1",
      "title": "TxEventQ Name",
      "type": "text"
    },
    {
      "datasource": {
        "type": "prometheus",
        "uid": "Prometheus"
      },
      "description": "The name of TxEventQ subscriber.",
      "gridPos": {
        "h": 2,
        "w": 6,
        "x": 18,
        "y": 28
      },
      "id": 46,
      "options": {
        "code": {
          "language": "plaintext",
          "showLineNumbers": false,
          "showMiniMap": false
        },
        "content": "<div style=\"text-align: center;\"><span style=\"color:green\"><b>$subscriber</b></span></div>",
        "mode": "html"
      },
      "pluginVersion": "10.1.1",
      "title": "Subscriber Name",
      "type": "text"
    },
    {
      "aliasColors": {},
      "bars": false,
      "dashLength": 10,
      "dashes": false,
      "datasource": {
        "type": "prometheus",
        "uid": "Prometheus"
      },
      "description": "Total messages remained in the queue.",
      "fieldConfig": {
        "defaults": {
          "links": []
        },
        "overrides": []
      },
      "fill": 3,
      "fillGradient": 4,
      "gridPos": {
        "h": 6,
        "w": 6,
        "x": 18,
        "y": 30
      },
      "hiddenSeries": false,
      "id": 83,
      "legend": {
        "avg": false,
        "current": false,
        "max": false,
        "min": false,
        "show": true,
        "total": false,
        "values": false
      },
      "lines": true,
      "linewidth": 1,
      "nullPointMode": "null",
      "options": {
        "alertThreshold": true
      },
      "percentage": false,
      "pluginVersion": "10.1.1",
      "pointradius": 2,
      "points": false,
      "renderer": "flot",
      "seriesOverrides": [],
      "spaceLength": 10,
      "stack": false,
      "steppedLine": false,
      "targets": [
        {
          "expr": "oracledb_teq_remained_msgs{inst_id=~\"[[instance]]\", queue_name=~\"[[queue]]\", subscriber_name=~\"[[subscriber]]\"}",
          "interval": "",
          "legendFormat": "TxEventQ Depth",
          "refId": "A"
        }
      ],
      "thresholds": [],
      "timeRegions": [],
      "title": "TxEventQ Depth (Remaining Messages)",
      "tooltip": {
        "shared": true,
        "sort": 0,
        "value_type": "individual"
      },
      "type": "graph",
      "xaxis": {
        "mode": "time",
        "show": true,
        "values": []
      },
      "yaxes": [
        {
          "format": "short",
          "label": "Remaining Message (messages)",
          "logBase": 1,
          "show": true
        },
        {
          "format": "short",
          "label": "",
          "logBase": 1,
          "show": false
        }
      ],
      "yaxis": {
        "align": false
      }
    }
  ],
  "refresh": "5s",
  "schemaVersion": 38,
  "style": "dark",
  "tags": [],
  "templating": {
    "list": [
      {
        "allValue": "1 | 2 | 3",
        "current": {
          "selected": false,
          "text": "1",
          "value": "1"
        },
        "datasource": {
          "type": "prometheus",
          "uid": "Prometheus"
        },
        "definition": "label_values(oracledb_teq_enqueued_msgs, inst_id)",
        "hide": 0,
        "includeAll": false,
        "label": "",
        "multi": false,
        "name": "instance",
        "options": [],
        "query": {
          "query": "label_values(oracledb_teq_enqueued_msgs, inst_id)",
          "refId": "Prometheus-instance-Variable-Query"
        },
        "refresh": 2,
        "regex": "",
        "skipUrlSync": false,
        "sort": 3,
        "tagValuesQuery": "",
        "tagsQuery": "",
        "type": "query",
        "useTags": false
      },
      {
        "current": {
          "selected": false,
          "text": "TOPIC_1",
          "value": "TOPIC_1"
        },
        "datasource": {
          "type": "prometheus",
          "uid": "Prometheus"
        },
        "definition": "label_values(oracledb_teq_enqueued_msgs{inst_id=\"$instance\"}, queue_name)",
        "hide": 0,
        "includeAll": false,
        "label": "",
        "multi": false,
        "name": "queue",
        "options": [],
        "query": {
          "query": "label_values(oracledb_teq_enqueued_msgs{inst_id=\"$instance\"}, queue_name)",
          "refId": "Prometheus-queue-Variable-Query"
        },
        "refresh": 2,
        "regex": "",
        "skipUrlSync": false,
        "sort": 3,
        "tagValuesQuery": "",
        "tagsQuery": "",
        "type": "query",
        "useTags": false
      },
      {
        "current": {
          "selected": false,
          "text": "0",
          "value": "0"
        },
        "datasource": {
          "type": "prometheus",
          "uid": "Prometheus"
        },
        "definition": "label_values(oracledb_teq_enqueued_msgs{inst_id=\"$instance\", queue_name=\"$queue\"}, subscriber_name)",
        "hide": 0,
        "includeAll": false,
        "multi": false,
        "name": "subscriber",
        "options": [],
        "query": {
          "query": "label_values(oracledb_teq_enqueued_msgs{inst_id=\"$instance\", queue_name=\"$queue\"}, subscriber_name)",
          "refId": "Prometheus-subscriber-Variable-Query"
        },
        "refresh": 2,
        "regex": "",
        "skipUrlSync": false,
        "sort": 3,
        "tagValuesQuery": "",
        "tagsQuery": "",
        "type": "query",
        "useTags": false
      },
      {
        "current": {
          "selected": false,
          "text": "All",
          "value": "$__all"
        },
        "datasource": {
          "type": "prometheus",
          "uid": "Prometheus"
        },
        "definition": "label_values(oracledb_asm_diskgroup_free, name)",
        "hide": 0,
        "includeAll": true,
        "label": "disk group",
        "multi": false,
        "name": "asm",
        "options": [],
        "query": {
          "query": "label_values(oracledb_asm_diskgroup_free, name)",
          "refId": "Prometheus-asm-Variable-Query"
        },
        "refresh": 2,
        "regex": "",
        "skipUrlSync": false,
        "sort": 0,
        "tagValuesQuery": "",
        "tagsQuery": "",
        "type": "query",
        "useTags": false
      },
      {
        "current": {
          "selected": false,
          "text": "All",
          "value": "$__all"
        },
        "datasource": {
          "type": "prometheus",
          "uid": "Prometheus"
        },
        "definition": "label_values(oracledb_wait_class_total_waits, wait_class)",
        "hide": 2,
        "includeAll": true,
        "multi": false,
        "name": "wait_class",
        "options": [],
        "query": {
          "query": "label_values(oracledb_wait_class_total_waits, wait_class)",
          "refId": "Prometheus-wait_class-Variable-Query"
        },
        "refresh": 2,
        "regex": "",
        "skipUrlSync": false,
        "sort": 0,
        "tagValuesQuery": "",
        "tagsQuery": "",
        "type": "query",
        "useTags": false
      },
      {
        "datasource": {
          "type": "prometheus",
          "uid": "Prometheus"
        },
        "filters": [],
        "hide": 0,
        "name": "Filters",
        "skipUrlSync": false,
        "type": "adhoc"
      }
    ]
  },
  "time": {
    "from": "now-15m",
    "to": "now"
  },
  "timepicker": {
    "refresh_intervals": [
      "5s",
      "10s",
      "30s",
      "1m",
      "5m",
      "15m",
      "30m",
      "1h",
      "2h",
      "1d"
    ]
  },
  "timezone": "",
  "title": "TxEventQ Monitor",
  "uid": "b6momtbWk",
  "version": 1,
  "weekStart": ""
}