{"options":{"sidebarPath":"/opt/docusaurus/sidebars.ts","editUrl":"https://github.com/facebook/docusaurus/tree/main/packages/create-docusaurus/templates/shared/","path":"docs","editCurrentVersion":false,"editLocalizedFiles":false,"routeBasePath":"docs","tagsBasePath":"tags","include":["**/*.{md,mdx}"],"exclude":["**/_*.{js,jsx,ts,tsx,md,mdx}","**/_*/**","**/*.test.{js,jsx,ts,tsx}","**/__tests__/**"],"sidebarCollapsible":true,"sidebarCollapsed":true,"docsRootComponent":"@theme/DocsRoot","docVersionRootComponent":"@theme/DocVersionRoot","docRootComponent":"@theme/DocRoot","docItemComponent":"@theme/DocItem","docTagsListComponent":"@theme/DocTagsListPage","docTagDocListComponent":"@theme/DocTagDocListPage","docCategoryGeneratedIndexComponent":"@theme/DocCategoryGeneratedIndexPage","remarkPlugins":[],"rehypePlugins":[],"recmaPlugins":[],"beforeDefaultRemarkPlugins":[],"beforeDefaultRehypePlugins":[],"admonitions":true,"showLastUpdateTime":false,"showLastUpdateAuthor":false,"includeCurrentVersion":true,"disableVersioning":false,"versions":{},"breadcrumbs":true,"onInlineTags":"warn","id":"default"},"versionsMetadata":[{"versionName":"current","label":"Next","banner":null,"badge":false,"noIndex":false,"className":"docs-version-current","path":"/docs","tagsPath":"/docs/tags","editUrl":"https://github.com/facebook/docusaurus/tree/main/packages/create-docusaurus/templates/shared/docs","isLast":true,"routePriority":-1,"sidebarFilePath":"/opt/docusaurus/sidebars.ts","contentPath":"/opt/docusaurus/docs"}]}