{
  "id": "monitoring/influxdb-metrics",
  "title": "InfluxDB & Metrics",
  "description": "RockDB uses InfluxDB as its primary engine for time-series data, enabling both the Time Machine features and long-term performance history.",
  "source": "@site/docs/monitoring/influxdb-metrics.md",
  "sourceDirName": "monitoring",
  "slug": "/monitoring/influxdb-metrics",
  "permalink": "/docs/monitoring/influxdb-metrics",
  "draft": false,
  "unlisted": false,
  "editUrl": "https://github.com/facebook/docusaurus/tree/main/packages/create-docusaurus/templates/shared/docs/monitoring/influxdb-metrics.md",
  "tags": [],
  "version": "current",
  "frontMatter": {},
  "sidebar": "tutorialSidebar",
  "previous": {
    "title": "Monitoring Automation Flow",
    "permalink": "/docs/monitoring/automation-flow"
  },
  "next": {
    "title": "Monitoring Stack Overview",
    "permalink": "/docs/monitoring/stack-overview"
  }
}