{
  "id": "guides/architecture",
  "title": "System Architecture",
  "description": "RockDB is built with a modern, decoupled architecture to ensure scalability and ease of deployment.",
  "source": "@site/docs/guides/architecture.md",
  "sourceDirName": "guides",
  "slug": "/guides/architecture",
  "permalink": "/docs/guides/architecture",
  "draft": false,
  "unlisted": false,
  "editUrl": "https://github.com/facebook/docusaurus/tree/main/packages/create-docusaurus/templates/shared/docs/guides/architecture.md",
  "tags": [],
  "version": "current",
  "frontMatter": {},
  "sidebar": "tutorialSidebar",
  "previous": {
    "title": "Translate your site",
    "permalink": "/docs/tutorial-extras/translate-your-site"
  },
  "next": {
    "title": "Oracle Connectivity Guide",
    "permalink": "/docs/guides/oracle-connectivity"
  }
}